<?xml version="1.0" encoding="utf-8"?>
<SonarProjectConfig xmlns:xsi="http://www.w3.org/2001/XMLSchema-instance" xmlns:xsd="http://www.w3.org/2001/XMLSchema" xmlns="http://www.sonarsource.com/msbuild/analyzer/2021/1">
  <AnalysisConfigPath>C:\Users\IS001\source\repos\elixirhr\.sonarqube\conf\SonarQubeAnalysisConfig.xml</AnalysisConfigPath>
  <ProjectPath>C:\Users\IS001\source\repos\elixirhr\OAuthAPI\OAuthAPI.csproj</ProjectPath>
  <FilesToAnalyzePath>C:\Users\IS001\source\repos\elixirhr\.sonarqube\conf\1\FilesToAnalyze.txt</FilesToAnalyzePath>
  <OutPath>C:\Users\IS001\source\repos\elixirhr\.sonarqube\out\1</OutPath>
  <ProjectType>Test</ProjectType>
  <TargetFramework>net6.0</TargetFramework>
</SonarProjectConfig>